{"cameraMode":{"drawMode":0,"name":"Shaded","section":"Shading Mode"},"sceneLighting":true,"audioPlay":false,"sceneViewState":{"m_AlwaysRefresh":false,"showFog":true,"showSkybox":true,"showFlares":true,"showImageEffects":true,"showParticleSystems":true,"showVisualEffectGraphs":true,"m_FxEnabled":true},"in2DMode":false,"pivot":{"x":-1.7663321495056153,"y":-3.885499954223633,"z":5.806877136230469},"rotation":{"x":-0.2713506519794464,"y":-0.009531289339065552,"z":0.0026873485185205938,"w":-0.962430477142334},"size":14.64723014831543,"orthographic":false}